Date,ATM_IV
2015-01-01,16.0
2015-01-02,16.500640808210974
2015-01-05,16.358722702193234
2015-01-06,17.01852416294099
2015-01-07,18.60089140272293
2015-01-08,18.344362809893084
2015-01-09,18.08981630602757
2015-01-12,19.78061400303013
2015-01-13,20.63765827488015
2015-01-14,20.096572433814575
2015-01-15,20.70619141373426
2015-01-16,20.171104189170126
2015-01-19,19.640735629218746
2015-01-20,19.908046719098678
2015-01-21,17.7538845528223
2015-01-22,15.921127923506411
2015-01-23,15.35585654241185
2015-01-26,14.356289980536932
2015-01-27,14.657616049516516
2015-01-28,13.782712396863475
2015-01-29,12.463312913007266
2015-01-30,13.769906001553494
2015-02-02,13.560568466745618
2015-02-03,13.62516358310209
2015-02-04,12.301887220405014
2015-02-05,11.823706090594202
2015-02-06,11.923127944475514
2015-02-09,10.924917125721919
2015-02-10,11.241846509462194
2015-02-11,10.738174465226772
2015-02-12,10.501497510504949
2015-02-13,10.01453497701082
2015-02-16,11.496288173163748
2015-02-17,11.488331121507613
2015-02-18,10.588563608079562
2015-02-19,11.26728992989289
2015-02-20,10.238452269582456
2015-02-23,10.41142397173463
2015-02-24,8.822558606680317
2015-02-25,7.834187406668643
2015-02-26,7.979508946036098
2015-02-27,8.511502606035886
2015-03-02,8.64342344332547
2015-03-03,8.563589424617705
2015-03-04,8.347465393710866
2015-03-05,7.277160808696216
2015-03-06,6.794779183568571
2015-03-09,6.499527441863874
2015-03-10,7.186155123613908
2015-03-11,7.425255126605687
2015-03-12,6.221524742602269
2015-03-13,6.432973551139269
2015-03-16,6.1944621649925145
2015-03-17,5.77772238598304
2015-03-18,6.156310983116047
2015-03-19,6.808705859770534
2015-03-20,7.428311929080097
2015-03-23,6.858774101741716
2015-03-24,6.661977521014951
2015-03-25,6.884832845863113
2015-03-26,7.537058299385337
2015-03-27,7.212297370755268
2015-03-30,7.093636205173243
2015-03-31,6.35823148539317
2015-04-01,5.605847808673308
2015-04-02,6.0988468306921195
2015-04-03,6.950661544064844
2015-04-06,6.910006294365359
2015-04-07,7.581928040710481
2015-04-08,7.839520937488308
2015-04-09,7.390857698038507
2015-04-10,7.645255785662586
2015-04-13,8.723461088242386
2015-04-14,8.702573492517464
2015-04-15,9.87141678427839
2015-04-16,7.802281929880474
2015-04-17,8.387271379701867
2015-04-20,8.456835235670711
2015-04-21,8.243720288881349
2015-04-22,8.316262360430898
2015-04-23,6.878098488284828
2015-04-24,6.74017092668899
2015-04-27,6.981134777060778
2015-04-28,7.9722267501970565
2015-04-29,7.609870272298702
2015-04-30,7.054543831588149
2015-05-01,6.725838006816301
2015-05-04,7.331396285570466
2015-05-05,7.562571493146013
2015-05-06,7.202176813379523
2015-05-07,7.5562437927087664
2015-05-08,7.630185775056941
2015-05-11,8.311033399004211
2015-05-12,7.807151000323205
2015-05-13,7.582961395044588
2015-05-14,7.31756885331223
2015-05-15,6.326896764244067
2015-05-18,6.522256097933213
2015-05-19,6.697771088829783
2015-05-20,6.708488377196434
2015-05-21,6.562762221086209
2015-05-22,5.656615954133762
2015-05-25,5.412735851653233
2015-05-26,5.220228865782438
2015-05-27,5.0
2015-05-28,5.0
2015-05-29,5.236387025905833
2015-06-01,6.332506750451958
2015-06-02,6.45087655496087
2015-06-03,6.623283342259563
2015-06-04,6.582448515457181
2015-06-05,5.349480224018557
2015-06-08,5.342480874231114
2015-06-09,5.386018092017802
2015-06-10,6.834900304428375
2015-06-11,6.715454894695968
2015-06-12,6.9197268584393745
2015-06-15,6.903925314017808
2015-06-16,6.137390886450828
2015-06-17,6.858614099074739
2015-06-18,7.3620695201920965
2015-06-19,7.90974621319359
2015-06-22,7.271715971845713
2015-06-23,8.231817144192558
2015-06-24,7.224515738426163
2015-06-25,7.628943174261353
2015-06-26,9.160083155926063
2015-06-29,8.410106694977435
2015-06-30,8.002316310541884
2015-07-01,8.079695153079049
2015-07-02,7.725372838522427
2015-07-03,6.645922085955526
2015-07-06,6.697883576356185
2015-07-07,6.0125151183849495
2015-07-08,6.313053984482902
2015-07-09,5.738644958897534
2015-07-10,6.682361973354409
2015-07-13,6.179572790199821
2015-07-14,5.985633393019504
2015-07-15,6.495093531099092
2015-07-16,5.712208578403934
2015-07-17,5.857356487871378
2015-07-20,6.662544308602183
2015-07-21,5.624449713161191
2015-07-22,5.743018714528459
2015-07-23,5.908089677982073
2015-07-24,6.394940464192837
2015-07-27,5.614374529619976
2015-07-28,5.0
2015-07-29,5.3028109153306815
2015-07-30,5.483625169178604
2015-07-31,5.639776433854405
2015-08-03,5.855313003054671
2015-08-04,5.448735527277717
2015-08-05,5.593715687129513
2015-08-06,5.7766312200485395
2015-08-07,5.352122653225565
2015-08-10,6.448205170856605
2015-08-11,6.758968632298521
2015-08-12,5.985893633427359
2015-08-13,6.398598376964672
2015-08-14,5.784970620057246
2015-08-17,6.270092435932679
2015-08-18,7.0088334075678524
2015-08-19,6.468502606796997
2015-08-20,7.093454287588334
2015-08-21,7.377541128144273
2015-08-24,7.947009499570521
2015-08-25,9.300754157692353
2015-08-26,9.117501137284508
2015-08-27,8.549485140437838
2015-08-28,7.900034069296804
2015-08-31,7.328681450025078
2015-09-01,7.282969394590817
2015-09-02,7.521873713621835
2015-09-03,7.719815403963882
2015-09-04,8.305502106868309
2015-09-07,8.321050529931522
2015-09-08,9.38365592316438
2015-09-09,9.184625568989862
2015-09-10,11.267273092429889
2015-09-11,11.80022043506807
2015-09-14,11.06161931061447
2015-09-15,10.168078970198625
2015-09-16,10.560368079604867
2015-09-17,10.381704896740859
2015-09-18,10.96584954246886
2015-09-21,11.36472034475416
2015-09-22,11.306534436376618
2015-09-23,10.592792123306035
2015-09-24,9.354762687389906
2015-09-25,9.015914941730792
2015-09-28,9.66940663827479
2015-09-29,9.842181336510158
2015-09-30,8.862303990186522
2015-10-01,8.99787599160129
2015-10-02,9.294671421292643
2015-10-05,8.62101001520718
2015-10-06,8.7405985974992
2015-10-07,8.789722929955293
2015-10-08,7.941594043984433
2015-10-09,8.202050928012651
2015-10-12,8.61292465184674
2015-10-13,9.419698025784937
2015-10-14,10.239882285317485
2015-10-15,9.133612028750012
2015-10-16,8.424889533119437
2015-10-19,8.807586933676134
2015-10-20,9.197506746716043
2015-10-21,9.596493886367718
2015-10-22,12.608931464398285
2015-10-23,13.122423727989094
2015-10-26,14.161230636584504
2015-10-27,15.067295836660064
2015-10-28,15.705153234486218
2015-10-29,15.390567166167719
2015-10-30,16.14130981377107
2015-11-02,15.358830902740909
2015-11-03,15.125480479628523
2015-11-04,14.650531151215732
2015-11-05,14.73056688810459
2015-11-06,16.9700707157255
2015-11-09,15.03106083327326
2015-11-10,15.70224424733006
2015-11-11,14.092211513390696
2015-11-12,13.647321093898373
2015-11-13,14.662846651491874
2015-11-16,14.725929755448822
2015-11-17,13.684822650956145
2015-11-18,13.019899714238464
2015-11-19,13.640160998916839
2015-11-20,12.962344650522514
2015-11-23,13.161126024995
2015-11-24,13.205037520883621
2015-11-25,12.610617830501711
2015-11-26,14.531717502819086
2015-11-27,15.141791224630508
2015-11-30,13.156816608085242
2015-12-01,13.32948800493819
2015-12-02,12.722793872735139
2015-12-03,13.491540569986718
2015-12-04,12.76002970478871
2015-12-07,12.659328074900738
2015-12-08,13.114715878271074
2015-12-09,13.907018844630912
2015-12-10,12.780793830062262
2015-12-11,12.482022925120823
2015-12-14,12.062004422289881
2015-12-15,11.493385897761357
2015-12-16,13.00509744251142
2015-12-17,13.375477839043496
2015-12-18,12.215605303627443
2015-12-21,13.026949744446265
2015-12-22,14.959314316070602
2015-12-23,15.966355778976416
2015-12-24,14.436612411651021
2015-12-25,13.974248618983648
2015-12-28,15.169212607703617
2015-12-29,14.475372846802493
2015-12-30,14.902064591925212
2015-12-31,15.656429497672224
2016-01-01,14.732529242502403
2016-01-04,14.675964621644995
2016-01-05,11.54821472843534
2016-01-06,10.674582523571404
2016-01-07,10.470880672046622
2016-01-08,9.45787185923422
2016-01-11,10.728050922011162
2016-01-12,9.551916801947561
2016-01-13,9.214344218572593
2016-01-14,9.319730197379707
2016-01-15,10.433715868145459
2016-01-18,9.269463349746266
2016-01-19,10.167139940456051
2016-01-20,10.179990952392204
2016-01-21,9.395518173700752
2016-01-22,9.757670324636837
2016-01-25,9.91930547956464
2016-01-26,9.447800745865145
2016-01-27,9.50706307462691
2016-01-28,9.212853805231957
2016-01-29,9.305060280315425
2016-02-01,9.819309551307825
2016-02-02,11.076513718486062
2016-02-03,10.04237385437308
2016-02-04,11.750341016906455
2016-02-05,10.067609976414985
2016-02-08,9.95096479719742
2016-02-09,10.42339723547087
2016-02-10,10.656413578535227
2016-02-11,10.148449553427714
2016-02-12,9.986031484756431
2016-02-15,9.598246388203066
2016-02-16,9.143240284908819
2016-02-17,9.796011604263178
2016-02-18,10.082495705665586
2016-02-19,9.53279584273127
2016-02-22,10.237801567319481
2016-02-23,10.49013118401801
2016-02-24,11.157891262076342
2016-02-25,11.691684816501803
2016-02-26,10.980854215669396
2016-02-29,10.517095857275452
2016-03-01,11.132106566387037
2016-03-02,11.649116941734022
2016-03-03,11.634594331023926
2016-03-04,11.738899377876391
2016-03-07,12.845318947883724
2016-03-08,12.313579062818073
2016-03-09,12.800249815218184
2016-03-10,12.620511274930074
2016-03-11,12.42833501213799
2016-03-14,13.407227830438462
2016-03-15,14.17084235459522
2016-03-16,14.943943880934334
2016-03-17,16.21641610757677
2016-03-18,16.237556922348553
2016-03-21,16.92979617602859
2016-03-22,16.60738063398037
2016-03-23,16.93977132144844
2016-03-24,16.804056329005988
2016-03-25,16.90360728399286
2016-03-28,17.519458137661413
2016-03-29,16.655292529320445
2016-03-30,18.806453648064338
2016-03-31,17.704920149821156
2016-04-01,16.41622822752818
2016-04-04,17.59824923553392
2016-04-05,18.433805758102558
2016-04-06,19.10707846234452
2016-04-07,19.796691062560313
2016-04-08,19.779947589665074
2016-04-11,18.771434209229348
2016-04-12,18.851991473600023
2016-04-13,18.108877225708383
2016-04-14,19.15279834656053
2016-04-15,18.988129056529974
2016-04-18,18.079364800324875
2016-04-19,17.733381987355727
2016-04-20,18.170167037259727
2016-04-21,17.56295585825177
2016-04-22,16.693461460005995
2016-04-25,16.943790872924556
2016-04-26,17.19712262511573
2016-04-27,16.66645188695282
2016-04-28,16.181374155602406
2016-04-29,16.41643646796106
2016-05-02,14.93770232165077
2016-05-03,13.567856669383543
2016-05-04,12.902967274753946
2016-05-05,12.712230681967258
2016-05-06,12.994159932919649
2016-05-09,14.336625490310217
2016-05-10,15.156218505940982
2016-05-11,14.999993482195453
2016-05-12,14.982229223514423
2016-05-13,14.005248215353191
2016-05-16,13.989373728416593
2016-05-17,13.718922792009183
2016-05-18,14.021925335842328
2016-05-19,13.242963947028768
2016-05-20,13.721374164907383
2016-05-23,15.15381055579966
2016-05-24,15.047800308998143
2016-05-25,15.44121066439753
2016-05-26,16.124999282307773
2016-05-27,15.718931277131617
2016-05-30,15.943025695894244
2016-05-31,15.955740243105431
2016-06-01,16.054087363743108
2016-06-02,15.273608026933369
2016-06-03,15.298321175580043
2016-06-06,15.789683608605031
2016-06-07,17.24282113057934
2016-06-08,18.24553752627959
2016-06-09,20.56125077639001
2016-06-10,19.68087906146991
2016-06-13,20.65307784120837
2016-06-14,20.85933405747331
2016-06-15,23.375561192023063
2016-06-16,22.384988381909253
2016-06-17,21.37882981451815
2016-06-20,20.67622704885598
2016-06-21,18.239031406104587
2016-06-22,17.67147902876293
2016-06-23,16.866045448404563
2016-06-24,17.020989160848327
2016-06-27,17.375456786808492
2016-06-28,19.344973046849933
2016-06-29,20.395640187306014
2016-06-30,19.735656190988433
2016-07-01,18.727005529485663
2016-07-04,19.261239843360773
2016-07-05,17.798652778658706
2016-07-06,19.744155699728186
2016-07-07,21.061734305528525
2016-07-08,20.51516395248223
2016-07-11,18.55639175743997
2016-07-12,20.02391235631607
2016-07-13,19.891569854467196
2016-07-14,21.279556007259632
2016-07-15,19.422065474348212
2016-07-18,18.753760651852698
2016-07-19,18.75729704670442
2016-07-20,18.806378719593837
2016-07-21,18.31235202265457
2016-07-22,18.98212381128243
2016-07-25,17.807699332719938
2016-07-26,17.654869820268775
2016-07-27,17.78091900853525
2016-07-28,18.326106764740615
2016-07-29,19.091869274548724
2016-08-01,17.851194080992894
2016-08-02,16.21648100359613
2016-08-03,17.512768967170164
2016-08-04,17.86198585436182
2016-08-05,17.063415841916914
2016-08-08,18.67710535369191
2016-08-09,18.80094646434371
2016-08-10,20.087189122960982
2016-08-11,20.160195694807147
2016-08-12,22.488375399252853
2016-08-15,24.58071744557097
2016-08-16,24.262883418365984
2016-08-17,25.462209338771007
2016-08-18,26.275278916651168
2016-08-19,28.0348702377072
2016-08-22,26.737953266874783
2016-08-23,27.623313702822877
2016-08-24,29.015796642361654
2016-08-25,26.618323377015397
2016-08-26,25.07163627831347
2016-08-29,22.49156720303035
2016-08-30,22.164472757007918
2016-08-31,23.01078872662242
2016-09-01,24.821152642947396
2016-09-02,24.907167867259925
2016-09-05,26.948148288859038
2016-09-06,25.134218234749824
2016-09-07,22.975155605044474
2016-09-08,22.902530194790856
2016-09-09,23.36018602538757
2016-09-12,23.31452693588903
2016-09-13,20.79332567123125
2016-09-14,20.6871221253311
2016-09-15,19.188393592077144
2016-09-16,19.925028345965035
2016-09-19,20.334247652987152
2016-09-20,19.262869664240608
2016-09-21,18.69198896136557
2016-09-22,17.535944964653346
2016-09-23,17.468588572449914
2016-09-26,18.473327447903824
2016-09-27,17.403813770549675
2016-09-28,17.9325491602541
2016-09-29,17.365209255194607
2016-09-30,16.53158928341187
2016-10-03,16.421513505376332
2016-10-04,15.364097816693256
2016-10-05,14.817777941155216
2016-10-06,13.656829428390196
2016-10-07,15.488206150345887
2016-10-10,15.523581587421226
2016-10-11,14.829281943555408
2016-10-12,15.037842366217385
2016-10-13,14.928846841395169
2016-10-14,14.714564781600664
2016-10-17,15.30922023962804
2016-10-18,16.056601158047396
2016-10-19,15.520916412657968
2016-10-20,14.949681371299292
2016-10-21,14.682542586936224
2016-10-24,12.461041966875733
2016-10-25,11.116116305497757
2016-10-26,12.268317429344107
2016-10-27,13.723088473492986
2016-10-28,13.492435749420348
2016-10-31,14.028064339204239
2016-11-01,14.323372803908166
2016-11-02,17.260833222977933
2016-11-03,18.431876132481765
2016-11-04,18.291565613267576
2016-11-07,17.259991143857643
2016-11-08,15.57730006048345
2016-11-09,15.779980600668116
2016-11-10,15.023084947958628
2016-11-11,13.634815142753595
2016-11-14,13.035100574075653
2016-11-15,12.053527040652032
2016-11-16,13.532597919333785
2016-11-17,14.35178085960758
2016-11-18,14.345478441055695
2016-11-21,15.759207338519483
2016-11-22,15.836789362632404
2016-11-23,14.973264928065921
2016-11-24,16.45917145576166
2016-11-25,17.00971618097487
2016-11-28,15.930985988338323
2016-11-29,15.739611599644416
2016-11-30,14.86448882192349
2016-12-01,13.522025121256116
2016-12-02,14.38216475253688
2016-12-05,16.208069264766156
2016-12-06,14.789144515686893
2016-12-07,15.335632085946504
2016-12-08,14.69413274179022
2016-12-09,14.224655240772357
2016-12-12,13.663086546131131
2016-12-13,12.860224133209853
2016-12-14,12.906560946007998
2016-12-15,12.15680460233209
2016-12-16,12.397466218980755
2016-12-19,12.355753644373154
2016-12-20,12.147005867647605
2016-12-21,11.353039723639466
2016-12-22,10.867039784035137
2016-12-23,11.498575353941371
2016-12-26,11.930151759961277
2016-12-27,11.082588588312396
2016-12-28,11.169815436163603
2016-12-29,11.806419771107622
2016-12-30,10.36437275821252
2017-01-02,10.809622606436266
2017-01-03,10.264792963194738
2017-01-04,10.729988877388221
2017-01-05,10.104184727371264
2017-01-06,8.663227137118371
2017-01-09,7.4619815382209715
2017-01-10,7.501855300799607
2017-01-11,7.6878475799589925
2017-01-12,7.062640166916438
2017-01-13,7.497362208206602
2017-01-16,6.357754205419944
2017-01-17,6.323423121203013
2017-01-18,5.563766553184673
2017-01-19,5.18462878933874
2017-01-20,5.220407145456499
2017-01-23,5.0
2017-01-24,5.0
2017-01-25,5.5757119248703555
2017-01-26,5.240740103609146
2017-01-27,5.731340573955432
2017-01-30,5.058009553149407
2017-01-31,5.366931163655368
2017-02-01,6.216877728639921
2017-02-02,5.0
2017-02-03,5.0
2017-02-06,5.333873467778072
2017-02-07,5.224177635924238
2017-02-08,5.446483420362029
2017-02-09,5.099682827012584
2017-02-10,5.157605621275657
2017-02-13,5.077124811588318
2017-02-14,5.748819579071434
2017-02-15,5.910665304053716
2017-02-16,6.1254885378055155
2017-02-17,5.876464793054724
2017-02-20,5.586656596400339
2017-02-21,5.337300756905683
2017-02-22,5.575385947739057
2017-02-23,5.333185091122309
2017-02-24,5.5102726281760335
2017-02-27,6.746173398014889
2017-02-28,7.323641018252671
2017-03-01,7.108210263105723
2017-03-02,7.922242481411076
2017-03-03,7.639236309929659
2017-03-06,6.22643716154045
2017-03-07,5.6003574599726065
2017-03-08,5.0
2017-03-09,5.0
2017-03-10,5.019107739754994
2017-03-13,5.974191281757371
2017-03-14,6.183497778868001
2017-03-15,6.054004550386132
2017-03-16,6.576117110511021
2017-03-17,5.154834648945537
2017-03-20,5.298235504136447
2017-03-21,5.753828059197476
2017-03-22,5.0
2017-03-23,5.653162556049679
2017-03-24,5.864170395778003
2017-03-27,5.618811383234011
2017-03-28,6.005001834227721
2017-03-29,7.415020482948645
2017-03-30,7.546620579043887
2017-03-31,7.725149634503254
2017-04-03,7.410005023361997
2017-04-04,6.833903261805209
2017-04-05,7.38812829349422
2017-04-06,6.80863161199272
2017-04-07,6.862980486936414
2017-04-10,6.554925784236075
2017-04-11,6.871423548778853
2017-04-12,7.099057477000456
2017-04-13,7.802691920004463
2017-04-14,7.450221160298452
2017-04-17,7.271394355316038
2017-04-18,6.613283866181617
2017-04-19,6.3328360516293385
2017-04-20,6.579755247181576
2017-04-21,7.076507661207243
2017-04-24,6.465462392381285
2017-04-25,7.0301921462861
2017-04-26,7.943016546203406
2017-04-27,8.243013371644684
2017-04-28,9.606919514642916
2017-05-01,9.007662961548165
2017-05-02,8.071941455103511
2017-05-03,6.8048584110221775
2017-05-04,7.795518828135507
2017-05-05,8.262395779994257
2017-05-08,8.228277293197257
2017-05-09,8.43680480341866
2017-05-10,7.619067644333056
2017-05-11,9.326792561742018
2017-05-12,9.431528408559576
2017-05-15,9.521395468172079
2017-05-16,10.090833274078118
2017-05-17,10.480537200738658
2017-05-18,10.667548769001847
2017-05-19,10.021232074055865
2017-05-22,10.402050713675358
2017-05-23,11.935975903772064
2017-05-24,13.110443169492012
2017-05-25,14.566303483985665
2017-05-26,14.075811129329512
2017-05-29,13.141807144031048
2017-05-30,13.029174831278572
2017-05-31,13.082216242520555
2017-06-01,14.081758250948429
2017-06-02,12.482957232650534
2017-06-05,13.847451025459282
2017-06-06,13.701001967273266
2017-06-07,13.304680179449901
2017-06-08,12.376595958994162
2017-06-09,10.91250343164512
2017-06-12,11.601732301223521
2017-06-13,11.668149197124235
2017-06-14,10.56129506225486
2017-06-15,9.505102164312293
2017-06-16,9.249401933612779
2017-06-19,10.533782935662199
2017-06-20,10.325825051059393
2017-06-21,9.113239224107108
2017-06-22,8.931775609121763
2017-06-23,8.732008552192575
2017-06-26,6.729703833231035
2017-06-27,6.701570355758717
2017-06-28,6.55831124817847
2017-06-29,7.015060482499283
2017-06-30,8.25615407918747
2017-07-03,9.07795194367387
2017-07-04,8.879306532097207
2017-07-05,8.054130434358528
2017-07-06,9.9006559032232
2017-07-07,9.95244806076492
2017-07-10,9.968320409935922
2017-07-11,9.953914601199088
2017-07-12,10.116186676399206
2017-07-13,10.005160927136547
2017-07-14,9.552695968429466
2017-07-17,9.131922314216407
2017-07-18,9.112433224416575
2017-07-19,8.704551080049212
2017-07-20,8.180398930758518
2017-07-21,8.263307893320988
2017-07-24,8.084760385641541
2017-07-25,9.168596484692705
2017-07-26,7.151390618598949
2017-07-27,7.893911225177591
2017-07-28,8.782517250449906
2017-07-31,7.2399626621401705
2017-08-01,7.014573852103323
2017-08-02,6.773820255386899
2017-08-03,5.858085520354007
2017-08-04,5.391767263395809
2017-08-07,5.0
2017-08-08,5.996022705859825
2017-08-09,6.581284169177307
2017-08-10,7.410718472741495
2017-08-11,7.912563372133611
2017-08-14,7.118720004238137
2017-08-15,6.773135640945317
2017-08-16,7.101377968302275
2017-08-17,6.287809852838151
2017-08-18,6.746021258875406
2017-08-21,6.596082157729579
2017-08-22,6.360981531305283
2017-08-23,6.820453090636562
2017-08-24,7.120090926188194
2017-08-25,6.884438914053661
2017-08-28,7.658153785948878
2017-08-29,6.910945199936968
2017-08-30,7.32616211157943
2017-08-31,7.737553842761863
2017-09-01,7.527147491228119
2017-09-04,7.759332084435799
2017-09-05,6.887722455337481
2017-09-06,7.506012107139946
2017-09-07,7.38510764058342
2017-09-08,7.034005245178281
2017-09-11,7.742157197844934
2017-09-12,7.254883460590938
2017-09-13,6.305907748192752
2017-09-14,5.32864124740465
2017-09-15,5.689601324110664
2017-09-18,5.0
2017-09-19,5.997444671448114
2017-09-20,5.0
2017-09-21,5.964575037144567
2017-09-22,6.102397412069656
2017-09-25,6.050052814290901
2017-09-26,5.72021828819957
2017-09-27,5.9689167013651305
2017-09-28,5.953709482649082
2017-09-29,6.640023466885331
2017-10-02,6.721619882566035
2017-10-03,6.827172208010615
2017-10-04,6.595055281378228
2017-10-05,6.565670218731115
2017-10-06,6.771890954245021
2017-10-09,5.657832866122056
2017-10-10,5.0
2017-10-11,5.427512033030315
2017-10-12,5.536205993556946
2017-10-13,5.435430792320176
2017-10-16,5.4546445296078625
2017-10-17,5.667564035302199
2017-10-18,5.351978148611204
2017-10-19,5.0
2017-10-20,5.119076459139624
2017-10-23,5.0
2017-10-24,5.238754527727978
2017-10-25,5.0
2017-10-26,5.588593669172563
2017-10-27,5.878372242052886
2017-10-30,6.042820376983933
2017-10-31,6.659413416296654
2017-11-01,7.749794725723473
2017-11-02,8.467885662217926
2017-11-03,7.124057599749182
2017-11-06,6.270524778378288
2017-11-07,5.88400212432447
2017-11-08,5.907978013444172
2017-11-09,6.233034039485611
2017-11-10,5.784230905546398
2017-11-13,5.905521900091328
2017-11-14,5.450986217637974
2017-11-15,5.099603840653205
2017-11-16,5.0
2017-11-17,5.0
2017-11-20,5.0
2017-11-21,5.0
2017-11-22,5.6023900569721015
2017-11-23,5.044409213229149
2017-11-24,6.54285551622468
2017-11-27,6.868319555633507
2017-11-28,6.997626486528483
2017-11-29,6.432629730933499
2017-11-30,6.8877756534075925
2017-12-01,6.514337674066281
2017-12-04,6.60033344237042
2017-12-05,8.265077602737694
2017-12-06,8.20162987805713
2017-12-07,9.037160051865232
2017-12-08,8.510038471899124
2017-12-11,8.490264086542588
2017-12-12,9.796363804286184
2017-12-13,9.3068207994358
2017-12-14,10.705373331617348
2017-12-15,11.293076537912741
2017-12-18,10.820531767978906
2017-12-19,11.348823365416004
2017-12-20,12.178075577752573
2017-12-21,12.727881433717094
2017-12-22,11.318917545529429
2017-12-25,10.706210139743142
2017-12-26,10.506338580934587
2017-12-27,10.449905648034074
2017-12-28,10.959876797047539
2017-12-29,11.11211246598684
2018-01-01,9.994357365900669
2018-01-02,10.301987164546846
2018-01-03,10.800327360575587
2018-01-04,11.26801164049677
2018-01-05,12.185924536713333
2018-01-08,12.922475828813843
2018-01-09,13.340843881550605
2018-01-10,13.278377554935586
2018-01-11,11.755461015736476
2018-01-12,12.129990618934919
2018-01-15,12.315325973652373
2018-01-16,12.558398111946426
2018-01-17,11.421057682069554
2018-01-18,10.504112279220323
2018-01-19,11.368538169530195
2018-01-22,11.338608065353215
2018-01-23,11.920544608875286
2018-01-24,11.94841860770769
2018-01-25,11.977551553876385
2018-01-26,12.7989788106146
2018-01-29,12.33632463725023
2018-01-30,12.424301034165817
2018-01-31,12.01656022175119
2018-02-01,11.640200679362021
2018-02-02,11.377869829919659
2018-02-05,11.570339405311596
2018-02-06,11.16351836046004
2018-02-07,12.224577328317649
2018-02-08,11.4394233219296
2018-02-09,11.2837833838849
2018-02-12,10.915328244128101
2018-02-13,12.123955808557897
2018-02-14,12.299482946099488
2018-02-15,13.214257300504567
2018-02-16,11.855739940725131
2018-02-19,12.090724252621076
2018-02-20,12.873290180232978
2018-02-21,12.950162600477416
2018-02-22,13.918729165040755
2018-02-23,13.434094375855294
2018-02-26,14.737744144251955
2018-02-27,16.96254197734314
2018-02-28,16.58523154761938
2018-03-01,16.12760451724582
2018-03-02,17.598206895917833
2018-03-05,19.26661906306821
2018-03-06,18.685733532213977
2018-03-07,18.225926966951082
2018-03-08,17.921035326148132
2018-03-09,16.48538872350437
2018-03-12,15.545149662056806
2018-03-13,14.54792137362744
2018-03-14,13.811157822202505
2018-03-15,13.780415070840396
2018-03-16,14.001257830446868
2018-03-19,15.46473568478024
2018-03-20,14.475888874325566
2018-03-21,15.420767530663756
2018-03-22,15.209486780496254
2018-03-23,15.161506627149986
2018-03-26,15.824264371443922
2018-03-27,14.699038007045912
2018-03-28,15.069501341438492
2018-03-29,15.233056447929675
2018-03-30,15.717967401625705
2018-04-02,16.00706567338788
2018-04-03,18.482316356255208
2018-04-04,17.789499754698575
2018-04-05,17.22374889137052
2018-04-06,16.571134923189266
2018-04-09,16.00090843584906
2018-04-10,15.35846363840982
2018-04-11,16.533117165833293
2018-04-12,17.988084871090866
2018-04-13,17.3765555522773
2018-04-16,16.501183217706824
2018-04-17,16.983311958274438
2018-04-18,16.409094910234874
2018-04-19,17.05480956881781
2018-04-20,17.265133791323283
2018-04-23,15.677152888091037
2018-04-24,17.221331398606083
2018-04-25,19.09825072567021
2018-04-26,18.421003941207502
2018-04-27,17.999793076790855
2018-04-30,18.30380714023782
2018-05-01,18.662532834559823
2018-05-02,19.377272520688717
2018-05-03,21.604291426460026
2018-05-04,21.392603617603033
2018-05-07,20.457952755330016
2018-05-08,18.88240363834676
2018-05-09,18.079795094254763
2018-05-10,18.04265182968309
2018-05-11,19.961765329035657
2018-05-14,19.375897021737593
2018-05-15,19.62143234282042
2018-05-16,19.60022766873485
2018-05-17,20.923086241642537
2018-05-18,23.831680960672436
2018-05-21,23.172448714641078
2018-05-22,22.573086913570354
2018-05-23,23.817906449090604
2018-05-24,24.650247553138545
2018-05-25,26.95368258251477
2018-05-28,27.70887459195762
2018-05-29,27.223022674417642
2018-05-30,27.99065161956677
2018-05-31,29.459159873786124
2018-06-01,30.570597355618805
2018-06-04,31.26576466917241
2018-06-05,32.756535673607736
2018-06-06,34.4295297500942
2018-06-07,36.45844373533253
2018-06-08,37.42918903267809
2018-06-11,37.15455652436822
2018-06-12,37.36310620875965
2018-06-13,39.204433969374094
2018-06-14,37.89712976885946
2018-06-15,38.45163065812603
2018-06-18,37.81922414729719
2018-06-19,37.84644991326015
2018-06-20,39.810897091477045
2018-06-21,40.095821591659394
2018-06-22,40.15078956383948
2018-06-25,37.96042275796345
2018-06-26,39.10153552542765
2018-06-27,40.10025080146231
2018-06-28,43.532886275288064
2018-06-29,42.99934545311529
2018-07-02,43.34002093868291
2018-07-03,43.73200992995411
2018-07-04,46.338548599528174
2018-07-05,46.151013404731486
2018-07-06,46.60471012925309
2018-07-09,47.626113858655366
2018-07-10,47.92551411569868
2018-07-11,47.12142292888108
2018-07-12,47.432439404925034
2018-07-13,49.27066437418023
2018-07-16,47.42866250198091
2018-07-17,47.63446436617515
2018-07-18,46.39178928923145
2018-07-19,48.41866633412541
2018-07-20,45.722272757704665
2018-07-23,44.74638161873084
2018-07-24,45.35937217580893
2018-07-25,47.992835077795974
2018-07-26,47.852669439923496
2018-07-27,46.85964241136255
2018-07-30,50.079923224278275
2018-07-31,47.47082785881195
2018-08-01,43.6285181709975
2018-08-02,44.338929317742696
2018-08-03,43.47406799566018
2018-08-06,41.75558441866255
2018-08-07,42.8885140214921
2018-08-08,43.26948797512354
2018-08-09,42.31289151912906
2018-08-10,40.193506642350115
2018-08-13,41.56804576809473
2018-08-14,42.60405366073092
2018-08-15,42.41982535639448
2018-08-16,45.42943681044033
2018-08-17,43.588696622470636
2018-08-20,41.028950300813015
2018-08-21,39.89234284643238
2018-08-22,39.80083088380355
2018-08-23,40.16876969956956
2018-08-24,39.76433497697453
2018-08-27,40.30486811638405
2018-08-28,38.28349125199348
2018-08-29,40.51673537098577
2018-08-30,40.36551547384563
2018-08-31,42.13485982197713
2018-09-03,42.674683829335514
2018-09-04,43.40535529120649
2018-09-05,44.32946941848224
2018-09-06,45.05809197950771
2018-09-07,46.12213076038436
2018-09-10,48.37274150366289
2018-09-11,48.691453823354905
2018-09-12,49.91212977101443
2018-09-13,49.725470115463125
2018-09-14,52.25756673513211
2018-09-17,50.99672773629481
2018-09-18,54.209588348273094
2018-09-19,54.10476104043349
2018-09-20,51.42266988837623
2018-09-21,51.62603007866217
2018-09-24,50.36472404068205
2018-09-25,51.8407129885311
2018-09-26,50.62825017966234
2018-09-27,49.80080495684926
2018-09-28,46.414018510882585
2018-10-01,45.613424201408186
2018-10-02,41.4649870147069
2018-10-03,38.874800984870646
2018-10-04,40.051306288397285
2018-10-05,41.28530192418627
2018-10-08,41.95406683660591
2018-10-09,40.35526664755262
2018-10-10,40.25956552300897
2018-10-11,40.23455215844599
2018-10-12,38.36389980994917
2018-10-15,40.6925134061502
2018-10-16,42.08316563572724
2018-10-17,41.7012746535519
2018-10-18,41.724624793961794
2018-10-19,42.04337873384227
2018-10-22,38.68684895710687
2018-10-23,38.28145198441332
2018-10-24,37.200535737731514
2018-10-25,35.64436014905409
2018-10-26,35.20589008341783
2018-10-29,37.8783507637592
2018-10-30,38.85480486527336
2018-10-31,37.93953833883013
2018-11-01,38.81080318171199
2018-11-02,40.98936560991057
2018-11-05,42.46117624369553
2018-11-06,42.53808444992052
2018-11-07,41.45383335109386
2018-11-08,42.56638801096296
2018-11-09,43.19218060212338
2018-11-12,44.65304614761015
2018-11-13,45.69979501349772
2018-11-14,47.46403268287945
2018-11-15,46.50990933803968
2018-11-16,48.749547848172504
2018-11-19,49.071197221845274
2018-11-20,52.70802469159134
2018-11-21,51.41812186869791
2018-11-22,54.526607574282835
2018-11-23,54.864272984333425
2018-11-26,53.61762229463785
2018-11-27,52.69496246888401
2018-11-28,52.07988301851271
2018-11-29,52.82256095735569
2018-11-30,53.750827272850685
2018-12-03,52.66103400115574
2018-12-04,52.58740460173424
2018-12-05,56.472854097660466
2018-12-06,59.71194333679427
2018-12-07,60.526821178899695
2018-12-10,60.56598255666721
2018-12-11,60.765992269867
2018-12-12,61.93554766945769
2018-12-13,59.870860547919705
2018-12-14,59.33423573994738
2018-12-17,56.06121977673055
2018-12-18,56.78261885936921
2018-12-19,57.97911398301928
2018-12-20,57.018732053424294
2018-12-21,59.98098957184042
2018-12-24,57.55401346713101
2018-12-25,54.72173180803982
2018-12-26,55.10937242406059
2018-12-27,57.03699709569786
2018-12-28,60.20893697910263
2018-12-31,59.27664205119751
2019-01-01,61.33493530386244
2019-01-02,61.222962835990515
2019-01-03,60.84672111340627
2019-01-04,62.54798313198966
2019-01-07,63.810997287161385
2019-01-08,60.6000397742121
2019-01-09,63.46092925119612
2019-01-10,66.19352336780196
2019-01-11,64.87124351385593
2019-01-14,65.63573412201899
2019-01-15,66.6048580474292
2019-01-16,67.10075126308698
2019-01-17,65.9243293925635
2019-01-18,64.51063842215625
2019-01-21,64.4204206578414
2019-01-22,66.75374318233493
2019-01-23,67.83258358595246
2019-01-24,67.02231420833867
2019-01-25,68.57372552258656
2019-01-28,62.5882396560981
2019-01-29,64.8412757620356
2019-01-30,61.27260555099552
2019-01-31,60.52179985329191
2019-02-01,58.29161107631056
2019-02-04,55.76732185322268
2019-02-05,57.920084381376725
2019-02-06,56.98991700240129
2019-02-07,57.61650888502864
2019-02-08,57.49373774268087
2019-02-11,58.37224086958873
2019-02-12,58.48650520194943
2019-02-13,55.980426480422565
2019-02-14,57.8269463778077
2019-02-15,56.847648847951014
2019-02-18,53.857980691941755
2019-02-19,53.03626253519247
2019-02-20,55.760826989605604
2019-02-21,57.3290370291245
2019-02-22,56.63105591532728
2019-02-25,55.93654215158984
2019-02-26,55.29870933660403
2019-02-27,59.15887635020305
2019-02-28,59.86484129090619
2019-03-01,60.668437356647466
2019-03-04,62.655063966976584
2019-03-05,63.09430524952621
2019-03-06,62.53845690770221
2019-03-07,62.11026304542838
2019-03-08,61.93147988635606
2019-03-11,61.82121587051363
2019-03-12,63.22643005155103
2019-03-13,63.293027062171056
2019-03-14,64.72417678739826
2019-03-15,64.52187951433265
2019-03-18,64.642528707313
2019-03-19,60.55576050987853
2019-03-20,62.31715128573754
2019-03-21,62.969602818649406
2019-03-22,64.92786398288554
2019-03-25,59.008561081892786
2019-03-26,63.01670045809929
2019-03-27,62.70016935926246
2019-03-28,64.87419099419228
2019-03-29,62.7248805930506
2019-04-01,63.910666268593566
2019-04-02,61.750638293773186
2019-04-03,60.47922233423123
2019-04-04,64.1946173851652
2019-04-05,63.77140411319292
2019-04-08,64.17101030539281
2019-04-09,65.8890126995023
2019-04-10,66.86325789321307
2019-04-11,67.13281472948644
2019-04-12,67.84571639387507
2019-04-15,72.79283736697111
2019-04-16,72.62389308922783
2019-04-17,73.01078019595406
2019-04-18,75.22764030506673
2019-04-19,77.59674798154231
2019-04-22,80.0
2019-04-23,80.0
2019-04-24,77.37316510875365
2019-04-25,80.0
2019-04-26,77.36563651907788
2019-04-29,77.98767268569992
2019-04-30,76.26004739315846
2019-05-01,76.0710897895735
2019-05-02,76.74593735345837
2019-05-03,77.40710063064311
2019-05-06,78.293729610181
2019-05-07,80.0
2019-05-08,80.0
2019-05-09,79.39893963151012
2019-05-10,80.0
2019-05-13,80.0
2019-05-14,77.18249176760368
2019-05-15,78.45639984554322
2019-05-16,79.97177575061626
2019-05-17,79.25049064857099
2019-05-20,80.0
2019-05-21,79.61101936833616
2019-05-22,79.84286280631004
2019-05-23,79.40251743330509
2019-05-24,79.38717781034745
2019-05-27,76.87562779084489
2019-05-28,73.64581402956709
2019-05-29,77.04800304441943
2019-05-30,75.12626660008455
2019-05-31,72.91412519129186
2019-06-03,68.23567819372232
2019-06-04,66.86425592528009
2019-06-05,64.09776069370979
2019-06-06,67.37210636526476
2019-06-07,69.41987342149713
2019-06-10,67.93275244939738
2019-06-11,72.56944476212588
2019-06-12,74.63193579101242
2019-06-13,73.87830378061481
2019-06-14,68.41915784830772
2019-06-17,73.15243890760743
2019-06-18,70.1123660122241
2019-06-19,66.59783156047658
2019-06-20,68.6604020586405
2019-06-21,73.71260464548219
2019-06-24,76.6614938762433
2019-06-25,77.85745610214553
2019-06-26,79.1307160106688
2019-06-27,80.0
2019-06-28,80.0
2019-07-01,80.0
2019-07-02,80.0
2019-07-03,79.80813742024357
2019-07-04,78.06029121696585
2019-07-05,77.38618287303444
2019-07-08,73.58482013833294
2019-07-09,73.32655748329522
2019-07-10,71.14798058468365
2019-07-11,68.75864180939777
2019-07-12,69.09264224735784
2019-07-15,71.96602217681486
2019-07-16,73.88458484849434
2019-07-17,70.4371112423114
2019-07-18,68.30108406995363
2019-07-19,70.21867943665227
2019-07-22,68.10115066281172
2019-07-23,67.59269954746384
2019-07-24,68.69125063491423
2019-07-25,66.62715676471736
2019-07-26,66.80370947779487
2019-07-29,64.01597486536451
2019-07-30,62.765472441184976
2019-07-31,63.36672930587714
2019-08-01,60.13388967613225
2019-08-02,60.959540131618915
2019-08-05,60.885223628170415
2019-08-06,61.93587612266819
2019-08-07,62.343449137989346
2019-08-08,65.02069593915112
2019-08-09,65.2362244477611
2019-08-12,64.32322788605579
2019-08-13,64.53202646576999
2019-08-14,65.59323753995486
2019-08-15,65.65358888972422
2019-08-16,65.69705676825167
2019-08-19,64.22389365648297
2019-08-20,62.847002736131174
2019-08-21,60.008020368370865
2019-08-22,63.38814573762508
2019-08-23,60.855157899483395
2019-08-26,59.45754248144949
2019-08-27,58.02721791358422
2019-08-28,59.711620795449804
2019-08-29,59.102631332093246
2019-08-30,61.48548577383443
2019-09-02,60.11869407927972
2019-09-03,60.628758437914996
2019-09-04,58.954387661202176
2019-09-05,63.07055660797967
2019-09-06,60.65667251121069
2019-09-09,61.229238936640996
2019-09-10,62.442955743499596
2019-09-11,63.23002752584222
2019-09-12,62.821292147707695
2019-09-13,62.52485950771508
2019-09-16,62.57522691234456
2019-09-17,62.24525127033166
2019-09-18,64.1247247245587
2019-09-19,68.54686588763829
2019-09-20,67.34212914142297
2019-09-23,64.46893796189903
2019-09-24,64.25185988882264
2019-09-25,69.42399215514686
2019-09-26,67.69428271378172
2019-09-27,71.05142955748097
2019-09-30,74.57110570706261
2019-10-01,73.32005118364381
2019-10-02,74.50219744388113
2019-10-03,77.99740746487474
2019-10-04,77.10450838205377
2019-10-07,76.60557425932808
2019-10-08,75.27462801577136
2019-10-09,73.00915342943588
2019-10-10,71.56599952156311
2019-10-11,68.91290411501494
2019-10-14,68.94220387741926
2019-10-15,67.28925158342543
2019-10-16,67.73177251021811
2019-10-17,64.46418035106375
2019-10-18,65.09512298505844
2019-10-21,66.75070959037784
2019-10-22,62.60597871868347
2019-10-23,63.31475985269562
2019-10-24,65.73867246403387
2019-10-25,63.227890374482655
2019-10-28,66.54159744267886
2019-10-29,67.36275652734054
2019-10-30,65.86396375593164
2019-10-31,65.71034395436575
2019-11-01,66.81131216259159
2019-11-04,66.92752709118244
2019-11-05,67.99769960870358
2019-11-06,66.04344239368935
2019-11-07,66.35053211661305
2019-11-08,63.40893065522405
2019-11-11,63.148131600635274
2019-11-12,61.30077305976644
2019-11-13,59.813734393976105
2019-11-14,62.187820637046734
2019-11-15,64.31966935811889
2019-11-18,65.51229022407493
2019-11-19,63.24523619721959
2019-11-20,62.573692611332774
2019-11-21,64.95470205921715
2019-11-22,65.20364641363136
2019-11-25,69.88368440214568
2019-11-26,70.66941718836478
2019-11-27,71.0328351738195
2019-11-28,70.3326935375059
2019-11-29,70.57176952616257
2019-12-02,70.20571386855212
2019-12-03,71.65770955078945
2019-12-04,73.654184342115
2019-12-05,71.90871577645537
2019-12-06,69.01985289127617
2019-12-09,65.13390985527164
2019-12-10,66.1279605279001
2019-12-11,63.82732449707428
2019-12-12,59.455405281086946
2019-12-13,60.17589483056591
2019-12-16,65.0137984950374
2019-12-17,64.96256430131818
2019-12-18,66.62660686395469
2019-12-19,66.75473034993816
2019-12-20,66.51086108899206
2019-12-23,68.35944996602757
2019-12-24,67.71315588168859
2019-12-25,68.22654171132776
2019-12-26,68.85464436433249
2019-12-27,67.41580816862401
2019-12-30,69.4274435582754
2019-12-31,69.0177048409451
2020-01-01,67.39359497752515
2020-01-02,68.46261153828867
2020-01-03,66.54775337751482
2020-01-06,66.56556367420879
2020-01-07,66.5066852829103
2020-01-08,68.69801604358545
2020-01-09,69.64759340590824
2020-01-10,69.5523874673281
2020-01-13,71.22836742804043
2020-01-14,74.1409535317327
2020-01-15,75.3050606074073
2020-01-16,75.28063026567763
2020-01-17,72.36557013458538
2020-01-20,70.03775271038336
2020-01-21,69.35122193291144
2020-01-22,68.02988369954245
2020-01-23,67.60000647631172
2020-01-24,67.67641742149434
2020-01-27,68.7334046277468
2020-01-28,68.54427900542709
2020-01-29,69.51749212197164
2020-01-30,69.61047265287188
2020-01-31,65.41487909222047
2020-02-03,63.46132267464303
2020-02-04,63.134426678291256
2020-02-05,60.675049098529385
2020-02-06,61.81710229136341
2020-02-07,64.81336336704139
2020-02-10,67.2469777282228
2020-02-11,66.76526574649284
2020-02-12,69.79423018813495
2020-02-13,70.06449387711545
2020-02-14,69.31061862924967
2020-02-17,67.98152575884563
2020-02-18,67.3118693432313
2020-02-19,66.46866392700667
2020-02-20,66.77869896739996
2020-02-21,67.06903725563396
2020-02-24,67.03479197194943
2020-02-25,67.89571366803757
2020-02-26,70.32661306144709
2020-02-27,72.28999733722044
2020-02-28,69.06409003283608
2020-03-02,63.673951644483054
2020-03-03,65.51472343149747
2020-03-04,62.68764183165396
2020-03-05,62.202173130363605
2020-03-06,59.84014411654749
2020-03-09,56.29293304555273
2020-03-10,57.28461333329019
2020-03-11,58.699650067719446
2020-03-12,57.552788469275676
2020-03-13,52.56682055911579
2020-03-16,51.539863451814426
2020-03-17,52.220418883329685
2020-03-18,49.49876088411053
2020-03-19,49.79723289222521
2020-03-20,49.74318686355888
2020-03-23,50.74590022378223
2020-03-24,50.93296877260202
2020-03-25,49.155386114721594
2020-03-26,51.242969849804
2020-03-27,50.92905117726014
2020-03-30,50.85223017409055
2020-03-31,49.147615947700615
2020-04-01,48.33825507465423
2020-04-02,46.76251857730926
2020-04-03,46.44010176932568
2020-04-06,49.355190100417175
2020-04-07,46.90015708014372
2020-04-08,44.09122840190639
2020-04-09,46.53042775154762
2020-04-10,46.146409315874955
2020-04-13,44.9772290785805
2020-04-14,46.71154623236862
2020-04-15,45.64420910631
2020-04-16,48.72921613988946
2020-04-17,49.89568086183654
2020-04-20,49.00035482182142
2020-04-21,52.77931186339868
2020-04-22,51.641304983206595
2020-04-23,52.95676690602814
2020-04-24,53.476239045447116
2020-04-27,55.84513465895667
2020-04-28,58.75385114895491
2020-04-29,58.78173314060808
2020-04-30,57.292263895161824
2020-05-01,58.13677430696514
2020-05-04,56.80126785243842
2020-05-05,60.59242951549408
2020-05-06,60.824840782152265
2020-05-07,60.07134641704985
2020-05-08,60.39704245442766
2020-05-11,57.72380016122677
2020-05-12,55.83060887722654
2020-05-13,58.05909346437312
2020-05-14,56.76449475125197
2020-05-15,54.74463864716456
2020-05-18,55.71440456705864
2020-05-19,57.91296194513252
2020-05-20,59.2583295076553
2020-05-21,61.15603056196727
2020-05-22,59.628917672377405
2020-05-25,56.82779614821146
2020-05-26,59.647181857431555
2020-05-27,58.984589137086175
2020-05-28,58.46505881527819
2020-05-29,60.99035162023137
2020-06-01,62.04921792730871
2020-06-02,62.91754015944216
2020-06-03,67.20747403635733
2020-06-04,65.83751372521071
2020-06-05,67.69496998121176
2020-06-08,67.77214094530666
2020-06-09,68.28821055631651
2020-06-10,71.42936327928464
2020-06-11,72.46685892758642
2020-06-12,73.57669474740057
2020-06-15,75.84908808586637
2020-06-16,75.00070130299761
2020-06-17,73.12256115687802
2020-06-18,70.82598264413568
2020-06-19,66.6126404052425
2020-06-22,70.80115246381285
2020-06-23,68.41862065905772
2020-06-24,67.91587382751368
2020-06-25,67.2998501579854
2020-06-26,67.89458410554067
2020-06-29,69.54706311809238
2020-06-30,71.31272442848882
2020-07-01,70.02811775525241
2020-07-02,69.63284403475298
2020-07-03,70.18444474506516
2020-07-06,69.61646401513842
2020-07-07,72.95319735470237
2020-07-08,73.96467089294858
2020-07-09,75.51119492308763
2020-07-10,76.91541067363542
2020-07-13,79.46028785044926
2020-07-14,79.81652040216643
2020-07-15,76.84649782253001
2020-07-16,77.68106893806552
2020-07-17,76.18555610994866
2020-07-20,74.97517216076287
2020-07-21,76.20770585192986
2020-07-22,78.88374632471535
2020-07-23,78.8814436551004
2020-07-24,79.5226854424537
2020-07-27,80.0
2020-07-28,80.0
2020-07-29,80.0
2020-07-30,80.0
2020-07-31,75.98089664929152
2020-08-03,77.58793417824835
2020-08-04,78.38503914578205
2020-08-05,80.0
2020-08-06,80.0
2020-08-07,79.637161911989
2020-08-10,76.8336649721017
2020-08-11,76.32371593057825
2020-08-12,74.40354514186109
2020-08-13,73.09543443653334
2020-08-14,74.31809115953878
2020-08-17,77.899233534577
2020-08-18,78.7278395232409
2020-08-19,76.00435597655877
2020-08-20,76.93341062206915
2020-08-21,79.52975823144622
2020-08-24,78.10908783334922
2020-08-25,77.76134535125203
2020-08-26,77.74496539500818
2020-08-27,75.95211093928425
2020-08-28,77.3281449121779
2020-08-31,77.01147613324432
2020-09-01,77.89074458674193
2020-09-02,75.86798838316962
2020-09-03,74.8603537745462
2020-09-04,76.38853632632086
2020-09-07,75.51952350143824
2020-09-08,79.2538596551177
2020-09-09,78.30719029259441
2020-09-10,78.75873594891314
2020-09-11,80.0
2020-09-14,76.75257212534106
2020-09-15,72.81732131763954
2020-09-16,69.49177549751046
2020-09-17,72.1014024495092
2020-09-18,70.8761245897682
2020-09-21,76.25937535115204
2020-09-22,74.96996657899511
2020-09-23,75.32580833586204
2020-09-24,78.65118555778582
2020-09-25,80.0
2020-09-28,80.0
2020-09-29,80.0
2020-09-30,80.0
2020-10-01,80.0
2020-10-02,80.0
2020-10-05,78.70697447373797
2020-10-06,76.82815857176763
2020-10-07,76.77242937963472
2020-10-08,76.34846140461443
2020-10-09,75.30268964463404
2020-10-12,76.7783294584802
2020-10-13,78.83930936271992
2020-10-14,78.98723276596839
2020-10-15,80.0
2020-10-16,77.3761305828406
2020-10-19,76.89817763495122
2020-10-20,75.26594025513343
2020-10-21,71.13857198702154
2020-10-22,70.91909317052965
2020-10-23,70.6171607980151
2020-10-26,73.77848042421957
2020-10-27,75.09791258192885
2020-10-28,72.81459220177793
2020-10-29,76.75607997749816
2020-10-30,79.40338834313508
2020-11-02,80.0
2020-11-03,79.43876901648292
2020-11-04,77.23368785666
2020-11-05,76.36086165648057
2020-11-06,78.71025821526123
2020-11-09,80.0
2020-11-10,80.0
2020-11-11,78.84746456588837
2020-11-12,76.2924961675267
2020-11-13,76.55472175138618
2020-11-16,72.60781820370845
2020-11-17,73.25676339281948
2020-11-18,72.89299153000536
2020-11-19,71.84525027102524
2020-11-20,68.39497618652992
2020-11-23,69.42367168296461
2020-11-24,68.26287263024469
2020-11-25,65.78578840352773
2020-11-26,59.87611710454789
2020-11-27,59.78764666364833
2020-11-30,63.20584883423955
2020-12-01,66.49632594501861
2020-12-02,65.51703192072038
2020-12-03,64.24948409118919
2020-12-04,65.15799095302977
2020-12-07,63.08829522300038
2020-12-08,63.65493017648119
2020-12-09,65.15721272307192
2020-12-10,67.61372389973435
2020-12-11,67.36524740197069
2020-12-14,66.90325769385854
2020-12-15,65.05331383133579
2020-12-16,63.33388808591259
2020-12-17,62.84216501510068
2020-12-18,63.53879876298585
2020-12-21,65.33603548140509
2020-12-22,63.661011252530685
2020-12-23,66.62418297355366
2020-12-24,66.02637907867344
2020-12-25,65.94292661694847
2020-12-28,64.37435979982558
2020-12-29,59.43488688235611
2020-12-30,61.11774969843743
2020-12-31,62.53344814152505
2021-01-01,61.93594898593122
2021-01-04,62.03233704673464
2021-01-05,63.01972652830325
2021-01-06,59.85682834597468
2021-01-07,58.79064898050318
2021-01-08,60.29123127464796
2021-01-11,57.802023002137105
2021-01-12,58.331220568226215
2021-01-13,55.68692874062441
2021-01-14,56.53247806924689
2021-01-15,56.43278445184154
2021-01-18,53.34342748803541
2021-01-19,55.45731670377451
2021-01-20,54.04757018319967
2021-01-21,52.516417032884114
2021-01-22,52.85368057834425
2021-01-25,54.92859895210819
2021-01-26,53.000663105960044
2021-01-27,53.084444666244714
2021-01-28,53.842266517138704
2021-01-29,55.093739432897806
2021-02-01,55.392710971506865
2021-02-02,54.67313539566534
2021-02-03,53.10052165112273
2021-02-04,53.2292502323328
2021-02-05,51.22870606703505
2021-02-08,45.93208793321739
2021-02-09,46.653856190796425
2021-02-10,48.1852806369923
2021-02-11,44.02670996628912
2021-02-12,42.31626847307627
2021-02-15,43.310256878574585
2021-02-16,46.70046395915746
2021-02-17,46.71190421851158
2021-02-18,45.43379212011518
2021-02-19,45.09979404798696
2021-02-22,47.403239722641324
2021-02-23,46.25766090907943
2021-02-24,44.86401870126387
2021-02-25,44.026359074447
2021-02-26,42.41022451352203
2021-03-01,42.59055971461379
2021-03-02,45.241132266528204
2021-03-03,45.7654898552158
2021-03-04,45.31169843624851
2021-03-05,44.7934787761755
2021-03-08,42.134422231248905
2021-03-09,43.558098771216855
2021-03-10,43.406783430556615
2021-03-11,43.08541436223642
2021-03-12,48.34518844028939
2021-03-15,48.842935460329684
2021-03-16,47.49296180848103
2021-03-17,46.727598177815096
2021-03-18,48.6813507161189
2021-03-19,48.85455267882403
2021-03-22,46.29536166963722
2021-03-23,47.84730297903032
2021-03-24,46.65747615927379
2021-03-25,49.857383332118275
2021-03-26,51.75213254809138
2021-03-29,50.912901338995084
2021-03-30,53.18837502267216
2021-03-31,53.283556635144954
2021-04-01,54.8224866861733
2021-04-02,55.696035531111065
2021-04-05,54.07296245795244
2021-04-06,52.85031831841788
2021-04-07,54.70777802269679
2021-04-08,54.05312491976262
2021-04-09,53.275144746438045
2021-04-12,51.488927833028576
2021-04-13,52.226661257373465
2021-04-14,55.953732417675596
2021-04-15,53.909895470959626
2021-04-16,53.9246165414602
2021-04-19,56.50761614895059
2021-04-20,56.324614906929845
2021-04-21,57.14808040278524
2021-04-22,55.091723991990904
2021-04-23,55.86174613707408
2021-04-26,55.47766309119393
2021-04-27,57.29635310005279
2021-04-28,59.52830154603289
2021-04-29,64.5281591792207
2021-04-30,65.66288674057829
2021-05-03,66.2886926376646
2021-05-04,66.6475676499401
2021-05-05,65.88087869374091
2021-05-06,66.53356363509718
2021-05-07,65.88631227571643
2021-05-10,66.19127343933778
2021-05-11,68.85255277908463
2021-05-12,66.70609196709133
2021-05-13,69.01170344832894
2021-05-14,71.72668174934377
2021-05-17,71.4304926947151
2021-05-18,66.86776157183442
2021-05-19,65.57498612039524
2021-05-20,68.18211088949097
2021-05-21,68.09311652987407
2021-05-24,65.97395153257446
2021-05-25,64.90118638919913
2021-05-26,66.56879528892935
2021-05-27,67.65267296540549
2021-05-28,67.116483268773
2021-05-31,66.318676374486
2021-06-01,65.4748526595879
2021-06-02,63.55488018818687
2021-06-03,66.76208602657498
2021-06-04,66.05818921485128
2021-06-07,68.5111615454635
2021-06-08,71.642411220301
2021-06-09,73.72742200726766
2021-06-10,72.74775874953541
2021-06-11,73.5704029670187
2021-06-14,73.47241866028178
2021-06-15,71.47495281257015
2021-06-16,72.12190111446422
2021-06-17,69.5543336892545
2021-06-18,72.00769494473482
2021-06-21,70.96979774340244
2021-06-22,71.35318027378078
2021-06-23,71.91221732455148
2021-06-24,71.31461798586632
2021-06-25,72.5191368724671
2021-06-28,71.45523967278456
2021-06-29,73.26707867516843
2021-06-30,70.31859100301926
2021-07-01,70.54251817421354
2021-07-02,74.60266119044108
2021-07-05,72.37903925312055
2021-07-06,70.88140499827246
2021-07-07,71.92806076193422
2021-07-08,72.26744354572865
2021-07-09,72.97385657858455
2021-07-12,73.98161503939413
2021-07-13,75.31123793955659
2021-07-14,77.69074845931621
2021-07-15,78.55198601404607
2021-07-16,77.96355172866564
2021-07-19,79.41076641945699
2021-07-20,80.0
2021-07-21,79.65028374900417
2021-07-22,77.40823327269392
2021-07-23,79.8138243776704
2021-07-26,79.49218595526885
2021-07-27,74.56071879220463
2021-07-28,76.35804424941401
2021-07-29,75.1314303302228
2021-07-30,74.88676777842795
2021-08-02,75.56392564855088
2021-08-03,75.93391698946556
2021-08-04,77.4441103171822
2021-08-05,76.4296757145283
2021-08-06,77.51202586731493
2021-08-09,76.88742260517732
2021-08-10,78.4714760778914
2021-08-11,79.79546357865435
2021-08-12,77.63928905981784
2021-08-13,80.0
2021-08-16,78.74128158649411
2021-08-17,80.0
2021-08-18,80.0
2021-08-19,80.0
2021-08-20,79.44557108043661
2021-08-23,78.61067936084403
2021-08-24,78.51760321503673
2021-08-25,77.79105651532464
2021-08-26,79.5198164047664
2021-08-27,75.8376013068358
2021-08-30,73.47798380850507
2021-08-31,71.12599391349816
2021-09-01,73.10171632374491
2021-09-02,76.7417189141198
2021-09-03,76.46295294527266
2021-09-06,76.04299161991126
2021-09-07,76.14926405661032
2021-09-08,78.65630484017402
2021-09-09,76.53418691241947
2021-09-10,77.01160092918714
2021-09-13,79.11958453851244
2021-09-14,80.0
2021-09-15,80.0
2021-09-16,80.0
2021-09-17,73.85681095201215
2021-09-20,75.27882106537666
2021-09-21,73.80181359269058
2021-09-22,69.79320897543722
2021-09-23,70.82663261981018
2021-09-24,73.69609477320898
2021-09-27,73.3529856696745
2021-09-28,75.3638520378502
2021-09-29,78.84354136461425
2021-09-30,80.0
2021-10-01,80.0
2021-10-04,80.0
2021-10-05,80.0
2021-10-06,76.33878442426098
2021-10-07,75.74917290468281
2021-10-08,73.852470404905
2021-10-11,78.50755950947848
2021-10-12,78.06526356625106
2021-10-13,78.29029940810544
2021-10-14,79.47041692155165
2021-10-15,79.51798655695393
2021-10-18,80.0
2021-10-19,78.54591366314271
2021-10-20,78.9308653136435
2021-10-21,77.21880006540297
2021-10-22,74.24739026756441
2021-10-25,72.87288763976296
2021-10-26,72.74808385497303
2021-10-27,71.78040280359433
2021-10-28,70.25793370878898
2021-10-29,67.24463708925632
2021-11-01,67.03224760651477
2021-11-02,63.88749065231486
2021-11-03,65.38026621494954
2021-11-04,65.5090408950948
2021-11-05,62.49716322402724
2021-11-08,61.84431546713745
2021-11-09,60.31747984942803
2021-11-10,60.90691808446182
2021-11-11,63.5072679064036
2021-11-12,59.70415040975624
2021-11-15,59.89341830536682
2021-11-16,59.54631276716205
2021-11-17,60.817110491864256
2021-11-18,61.20048243277163
2021-11-19,59.68230506161186
2021-11-22,59.02655788564343
2021-11-23,57.45138148623884
2021-11-24,59.47354642968671
2021-11-25,59.480456805284
2021-11-26,63.1405920680334
2021-11-29,62.98172197564364
2021-11-30,61.52782690399186
2021-12-01,58.49984623194716
2021-12-02,54.99102302496917
2021-12-03,52.00003443851848
2021-12-06,52.45683949409092
2021-12-07,53.356324199556724
2021-12-08,50.416381919650654
2021-12-09,51.99042072801549
2021-12-10,51.08420275465333
2021-12-13,51.32072586141171
2021-12-14,54.20294549452176
2021-12-15,55.836367019354924
2021-12-16,55.29914492697788
2021-12-17,53.598055693211336
2021-12-20,49.598684487142485
2021-12-21,48.295826067452204
2021-12-22,47.90048125718045
2021-12-23,46.153589001523535
2021-12-24,45.90496702250117
2021-12-27,46.01243601475091
2021-12-28,45.60428883893932
2021-12-29,44.47473602241313
2021-12-30,44.735546775388016
2021-12-31,45.45755858324423
2022-01-03,43.58172208171058
2022-01-04,45.90685898257164
2022-01-05,45.71480825308421
2022-01-06,45.72333880842414
2022-01-07,46.90643258428604
2022-01-10,47.28437459269287
2022-01-11,48.911027203076955
2022-01-12,49.390886766554445
2022-01-13,48.27984794931587
2022-01-14,48.887158327698984
2022-01-17,46.84603820017584
2022-01-18,47.00878263710876
2022-01-19,46.92676356350836
2022-01-20,46.54298463930896
2022-01-21,46.29778261743148
2022-01-24,43.04728928051066
2022-01-25,42.11865606096838
2022-01-26,42.249756073735476
2022-01-27,42.49074233835001
2022-01-28,40.781755683021586
2022-01-31,42.7987833427066
2022-02-01,41.34966967691425
2022-02-02,42.90036351905889
2022-02-03,43.58405720960414
2022-02-04,42.48716412988232
2022-02-07,45.38197801558823
2022-02-08,43.332499426877035
2022-02-09,44.83540359347477
2022-02-10,46.50071520642666
2022-02-11,45.32420666558358
2022-02-14,47.66309292502519
2022-02-15,47.202981134737406
2022-02-16,47.67800004280151
2022-02-17,48.10578694961046
2022-02-18,47.845579374865075
2022-02-21,49.2334893970275
2022-02-22,50.61002676554386
2022-02-23,47.448178959001325
2022-02-24,49.68713650612484
2022-02-25,46.70755149731538
2022-02-28,48.46130738206191
2022-03-01,50.41191127901487
2022-03-02,48.432789559393456
2022-03-03,47.68664709650396
2022-03-04,45.73753356154469
2022-03-07,45.347684560687895
2022-03-08,44.80171220218294
2022-03-09,46.09381380579157
2022-03-10,48.31151209421733
2022-03-11,50.73026692330701
2022-03-14,49.693776935759296
2022-03-15,49.29539981365428
2022-03-16,46.29073214201653
2022-03-17,44.88512545379867
2022-03-18,46.49101469616313
2022-03-21,49.24252145574005
2022-03-22,47.033570485347205
2022-03-23,45.98511538074182
2022-03-24,45.91619788913851
2022-03-25,46.37081019185344
2022-03-28,44.95753939785971
2022-03-29,45.65101296363911
2022-03-30,44.82077299382848
2022-03-31,44.77351926433568
2022-04-01,45.67174545539413
2022-04-04,45.65913279280808
2022-04-05,44.89258449709651
2022-04-06,44.68460074831224
2022-04-07,44.51299887557985
2022-04-08,43.868330219437425
2022-04-11,43.4143028170504
2022-04-12,46.04671557934259
2022-04-13,46.98195938863108
2022-04-14,46.44703730991192
2022-04-15,47.61973228843855
2022-04-18,47.01418717038475
2022-04-19,49.01640749117285
2022-04-20,49.64230068507404
2022-04-21,49.42510084515744
2022-04-22,50.191689544003616
2022-04-25,47.36029781641896
2022-04-26,45.381513638725934
2022-04-27,43.33155662051575
2022-04-28,43.54696135636983
2022-04-29,46.405915562562214
2022-05-02,50.21183338963308
2022-05-03,51.32392900546373
2022-05-04,52.200006812355014
2022-05-05,48.892418446823896
2022-05-06,47.91017809044449
2022-05-09,46.51087185092927
2022-05-10,45.419761168821545
2022-05-11,45.11087471947401
2022-05-12,44.28880967176169
2022-05-13,40.94727374410013
2022-05-16,42.13340322747174
2022-05-17,40.358100547441225
2022-05-18,40.721744523316644
2022-05-19,44.03714814889472
2022-05-20,42.47756845200766
2022-05-23,38.3011871970976
2022-05-24,37.83748432573045
2022-05-25,39.526597789682725
2022-05-26,42.61030012877191
2022-05-27,40.56679941477252
2022-05-30,41.344449245097806
2022-05-31,40.570439123957144
2022-06-01,40.38089576295382
2022-06-02,44.5956890213532
2022-06-03,42.043948971772686
2022-06-06,42.43785103788282
2022-06-07,43.18457904887334
2022-06-08,44.960915997403596
2022-06-09,45.1034809618952
2022-06-10,45.60168176097646
2022-06-13,44.911770402499876
2022-06-14,45.34328593406789
2022-06-15,44.737688320407884
2022-06-16,45.76246221806555
2022-06-17,45.10881514683226
2022-06-20,45.72389912439179
2022-06-21,45.65044928416192
2022-06-22,47.543996229085735
2022-06-23,47.42966826365228
2022-06-24,44.3279085943483
2022-06-27,46.42247401402816
2022-06-28,44.84335309458714
2022-06-29,43.717319808039996
2022-06-30,42.70292396818988
2022-07-01,44.94488310580906
2022-07-04,41.31417412461071
2022-07-05,46.37599847798736
2022-07-06,48.16403843628715
2022-07-07,48.52889457650149
2022-07-08,48.406720653362505
2022-07-11,48.8816126397719
2022-07-12,49.77357862251871
2022-07-13,50.89377574316193
2022-07-14,51.86483455281802
2022-07-15,51.9989292341893
2022-07-18,51.611793099451845
2022-07-19,51.30969005991486
2022-07-20,50.929871460940355
2022-07-21,52.94093236720499
2022-07-22,53.99983676852553
2022-07-25,48.5251445985862
2022-07-26,49.650611853127494
2022-07-27,49.96966020417428
2022-07-28,49.909376101564504
2022-07-29,49.19085202205216
2022-08-01,51.15111613423434
2022-08-02,52.830788854286126
2022-08-03,51.38604453156861
2022-08-04,52.093206105487255
2022-08-05,50.29745255485458
2022-08-08,47.80480835282721
2022-08-09,46.68770597232691
2022-08-10,48.1481454884246
2022-08-11,49.78910831987965
2022-08-12,50.67454723243073
2022-08-15,51.947646591947574
2022-08-16,52.85655436315921
2022-08-17,51.652153018829786
2022-08-18,52.40604324520907
2022-08-19,53.837182502119795
2022-08-22,55.201721964834846
2022-08-23,57.39641003565916
2022-08-24,58.71569582228084
2022-08-25,59.36036995171203
2022-08-26,61.40351312247051
2022-08-29,61.315112459214745
2022-08-30,59.53914369084513
2022-08-31,59.18753936907034
2022-09-01,57.709239649109314
2022-09-02,56.383725450030475
2022-09-05,56.07823580757669
2022-09-06,54.55118296528807
2022-09-07,53.94745001351593
2022-09-08,50.412746436033196
2022-09-09,50.76703436076667
2022-09-12,50.74160573397995
2022-09-13,49.24743535670134
2022-09-14,50.38678076367502
2022-09-15,52.03644615221603
2022-09-16,49.08584257970167
2022-09-19,47.71308600893753
2022-09-20,46.34921092613191
2022-09-21,44.71275697258028
2022-09-22,46.08755546383102
2022-09-23,45.73211509962138
2022-09-26,45.257784089529636
2022-09-27,41.837730182470494
2022-09-28,42.852850922865386
2022-09-29,40.78739530573757
2022-09-30,40.864169174967316
2022-10-03,41.29122361179542
2022-10-04,43.47426925363711
2022-10-05,41.27798175439574
2022-10-06,36.369643732168335
2022-10-07,36.63285509039086
2022-10-10,39.36241907659633
2022-10-11,41.30251067932578
2022-10-12,41.621946941185826
2022-10-13,40.802394981724106
2022-10-14,42.08180896250768
2022-10-17,40.469767254050716
2022-10-18,41.21393345441683
2022-10-19,42.01159091160806
2022-10-20,43.72250120354407
2022-10-21,48.29848691649319
2022-10-24,48.96003737846916
2022-10-25,48.03651731694584
2022-10-26,47.96642835027104
2022-10-27,44.85378627608624
2022-10-28,43.65851621166782
2022-10-31,42.955141179129996
2022-11-01,42.06823870447426
2022-11-02,42.29654612036264
2022-11-03,40.92793683026083
2022-11-04,42.71527337028381
2022-11-07,42.694411775089314
2022-11-08,42.65791333690372
2022-11-09,42.09712892456005
2022-11-10,42.33013510865335
2022-11-11,43.66190307981538
2022-11-14,42.19618797175432
2022-11-15,41.09819050676147
2022-11-16,40.58764245665907
2022-11-17,38.40759973096669
2022-11-18,37.11046725460886
2022-11-21,36.362714628025756
2022-11-22,37.67514883910038
2022-11-23,38.06403229702767
2022-11-24,38.347474965272085
2022-11-25,39.65745610277772
2022-11-28,39.42069881260733
2022-11-29,40.01984825510463
2022-11-30,39.83624595307892
2022-12-01,40.23935334470222
2022-12-02,39.28863486806007
2022-12-05,35.418274632144616
2022-12-06,35.20149920352787
2022-12-07,37.31326401490476
2022-12-08,38.72196728398955
2022-12-09,40.21765063618244
2022-12-12,42.17372757660534
2022-12-13,42.29803113391103
2022-12-14,42.60051607686491
2022-12-15,41.56359819155239
2022-12-16,41.02985331730907
2022-12-19,42.00385711607923
2022-12-20,43.94924445763075
2022-12-21,43.69412344218674
2022-12-22,42.92230783416564
2022-12-23,42.901812491299516
2022-12-26,43.87271248786414
2022-12-27,41.440794118681225
2022-12-28,37.69600106809182
2022-12-29,36.82706808097717
2022-12-30,34.94391546468469
2023-01-02,34.17199707910042
2023-01-03,33.93989838198499
2023-01-04,33.2603086562958
2023-01-05,35.35732352037713
2023-01-06,35.83152295910245
2023-01-09,36.26899395677657
2023-01-10,37.197104133085745
2023-01-11,35.430134653359254
2023-01-12,36.973219607172666
2023-01-13,36.84049138972399
2023-01-16,37.84938754243706
2023-01-17,36.17044825624365
2023-01-18,33.799823055916995
2023-01-19,34.9838474782851
2023-01-20,35.529769631350256
2023-01-23,34.15943210473225
2023-01-24,32.864264810363174
2023-01-25,34.476586499489265
2023-01-26,32.70215976281709
2023-01-27,35.055908372334684
2023-01-30,33.69714664480284
2023-01-31,34.61687936053612
2023-02-01,34.11491709987636
2023-02-02,34.98827686102079
2023-02-03,34.16222538781624
2023-02-06,33.908055591571525
2023-02-07,33.95388248321432
2023-02-08,32.4681566216823
2023-02-09,33.51874899644518
2023-02-10,32.756155714755835
2023-02-13,32.41318503665272
2023-02-14,30.97369875784961
2023-02-15,27.36852761050995
2023-02-16,27.107689777972688
2023-02-17,30.264022528734625
2023-02-20,31.34031320803502
2023-02-21,31.300969194961436
2023-02-22,30.91821820015252
2023-02-23,30.93785514862073
2023-02-24,31.692807840480302
2023-02-27,30.005328831960178
2023-02-28,31.532260120327276
2023-03-01,32.532152813319236
2023-03-02,33.551206001580134
2023-03-03,34.177246091770115
2023-03-06,34.19171673988918
2023-03-07,35.16867149343727
2023-03-08,36.0378059307317
2023-03-09,35.48636268577053
2023-03-10,34.609901684221725
2023-03-13,34.74612178000173
2023-03-14,37.03199669523416
2023-03-15,35.11528922838627
2023-03-16,32.908860776394256
2023-03-17,33.13360177178256
2023-03-20,33.193812260766045
2023-03-21,33.43181308394289
2023-03-22,33.77340186258419
2023-03-23,33.432448085822855
2023-03-24,35.58926516099879
2023-03-27,33.16722560975963
2023-03-28,31.951321868669858
2023-03-29,31.791595433173143
2023-03-30,29.444511497749186
2023-03-31,29.19339658419395
2023-04-03,31.444935953238346
2023-04-04,31.462190194154964
2023-04-05,31.775983098570578
2023-04-06,29.973530399257193
2023-04-07,29.11215609597109
2023-04-10,28.591649361044592
2023-04-11,28.153583638335384
2023-04-12,29.85747657637959
2023-04-13,30.614334883370137
2023-04-14,29.05315202282443
2023-04-17,29.377589481535164
2023-04-18,30.04741335830865
2023-04-19,31.61106275354955
2023-04-20,33.83783210370499
2023-04-21,32.335797069759096
2023-04-24,31.160992884514183
2023-04-25,29.380072711696855
2023-04-26,29.049829985135222
2023-04-27,29.672833948997713
2023-04-28,31.017182995924852
2023-05-01,30.898679979805166
2023-05-02,30.43886113681348
2023-05-03,30.638374050079225
2023-05-04,29.461950901708235
2023-05-05,32.30912645389456
2023-05-08,29.993591650292323
2023-05-09,30.237424613657893
2023-05-10,33.02999669594895
2023-05-11,33.026328030373904
2023-05-12,32.737625049920915
2023-05-15,32.20900217792851
2023-05-16,31.93817046837101
2023-05-17,33.88047873165284
2023-05-18,30.622200819320604
2023-05-19,32.748769310225725
2023-05-22,30.682168470423687
2023-05-23,30.298340158224025
2023-05-24,29.69164029513441
2023-05-25,30.488869236620104
2023-05-26,28.253850600778673
2023-05-29,28.863142641411795
2023-05-30,31.593299153856446
2023-05-31,29.650251482849733
2023-06-01,29.899706678603078
2023-06-02,28.976581410375324
2023-06-05,29.54394997491372
2023-06-06,29.559425619507607
2023-06-07,28.669853109645103
2023-06-08,29.318029080277547
2023-06-09,31.769228992812387
2023-06-12,31.485583707465363
2023-06-13,32.49095205428143
2023-06-14,30.620354100873076
2023-06-15,29.275165003760474
2023-06-16,29.908687274238925
2023-06-19,31.942803746841186
2023-06-20,32.43658640439362
2023-06-21,31.974276954806964
2023-06-22,31.960589337302608
2023-06-23,30.16669728644316
2023-06-26,30.992079033165364
2023-06-27,32.21788693762436
2023-06-28,31.558418922315447
2023-06-29,30.880714872999416
2023-06-30,31.241198897545058
2023-07-03,30.6140301009179
2023-07-04,30.51023065682483
2023-07-05,33.421145300250686
2023-07-06,33.04747643662792
2023-07-07,32.51487858653609
2023-07-10,31.57137389771034
2023-07-11,32.612653705427554
2023-07-12,32.338692280209244
2023-07-13,31.395227585186188
2023-07-14,33.248505051499265
2023-07-17,35.29740473786862
2023-07-18,34.38323599494202
2023-07-19,31.610797751648455
2023-07-20,33.02575141180847
2023-07-21,32.020854946349836
2023-07-24,33.135459573468665
2023-07-25,30.26430016864178
2023-07-26,31.490295287923303
2023-07-27,29.76540950787006
2023-07-28,30.759083869900806
2023-07-31,30.767316675677016
2023-08-01,29.422304417752322
2023-08-02,28.855323410443706
2023-08-03,29.7740836782521
2023-08-04,29.908748768095844
2023-08-07,30.703049015056006
2023-08-08,33.450904319498704
2023-08-09,31.157407999736858
2023-08-10,33.41999117624704
2023-08-11,33.55817854858724
2023-08-14,32.23230259958151
2023-08-15,30.316329386422098
2023-08-16,30.04258380174601
2023-08-17,31.304339349014437
2023-08-18,31.11237244056132
2023-08-21,33.22428442600098
2023-08-22,31.102920483965217
2023-08-23,31.073945782625028
2023-08-24,29.302849201120964
2023-08-25,29.788285587037322
2023-08-28,30.99703669431294
2023-08-29,30.394856949764666
2023-08-30,26.76570023657632
2023-08-31,27.01650762541657
2023-09-01,27.579764135801298
2023-09-04,28.105573009027268
2023-09-05,29.746778393286423
2023-09-06,28.263925472038938
2023-09-07,29.165411416766275
2023-09-08,30.77772493467817
2023-09-11,28.279698274908554
2023-09-12,28.698278343333904
2023-09-13,28.007629859080197
2023-09-14,27.889388287973816
2023-09-15,28.342604359129414
2023-09-18,27.679208196206606
2023-09-19,26.77417073606688
2023-09-20,26.810148421780855
2023-09-21,25.383043514201155
2023-09-22,23.997145262410672
2023-09-25,24.829385030901786
2023-09-26,23.37998036984894
2023-09-27,24.18594325551445
2023-09-28,24.752689382173408
2023-09-29,22.58221203980933
2023-10-02,21.765665220980445
2023-10-03,23.164839433172936
2023-10-04,21.96923610292248
2023-10-05,21.416015330100244
2023-10-06,21.950517751055372
2023-10-09,22.870621927632452
2023-10-10,22.562056556556072
2023-10-11,21.8417031211292
2023-10-12,23.512069552400323
2023-10-13,25.630719804043856
2023-10-16,26.871781343434147
2023-10-17,26.974595059434094
2023-10-18,25.908114812215068
2023-10-19,24.83515660732091
2023-10-20,25.48427653599552
2023-10-23,26.00896260944002
2023-10-24,27.802148278941136
2023-10-25,28.656978741380946
2023-10-26,26.619451063746947
2023-10-27,27.978604950173303
2023-10-30,26.63885913294097
2023-10-31,26.13105270478392
2023-11-01,26.445286608081343
2023-11-02,29.02295812537443
2023-11-03,33.23424667834335
2023-11-06,34.101908015454555
2023-11-07,33.81797455312173
2023-11-08,34.587056996156655
2023-11-09,35.88771475386116
2023-11-10,35.38788362335129
2023-11-13,38.063427668476606
2023-11-14,38.40358090005438
2023-11-15,39.16303254435122
2023-11-16,40.19472996467586
2023-11-17,40.8490176993472
2023-11-20,42.1803782019593
2023-11-21,41.14946773572956
2023-11-22,40.22708345150614
2023-11-23,38.44963822947418
2023-11-24,39.11851931372936
2023-11-27,40.327760263899535
2023-11-28,41.040959584996045
2023-11-29,43.724120772979994
2023-11-30,43.69279356337329
2023-12-01,44.784655651464476
2023-12-04,42.92092000485165
2023-12-05,42.2605303420276
2023-12-06,43.37901437552073
2023-12-07,44.7664423206093
2023-12-08,44.24800813970275
2023-12-11,44.10557973991065
2023-12-12,41.54322447164087
2023-12-13,40.94310487730619
2023-12-14,42.358887598156905
2023-12-15,43.28127832486558
2023-12-18,44.08958738915555
2023-12-19,44.150571541491196
2023-12-20,44.14005551773265
2023-12-21,43.01229185317612
2023-12-22,44.14570616671632
2023-12-25,44.82815571891571
2023-12-26,45.63535039423014
2023-12-27,44.716414117249585
2023-12-28,41.065296464251425
2023-12-29,42.816997707503255
2024-01-01,42.00620745485559
2024-01-02,40.576556572831734
2024-01-03,41.6701421212926
2024-01-04,41.01213379493231
2024-01-05,42.70267508186467
2024-01-08,43.69744249272051
2024-01-09,44.81405807710521
2024-01-10,42.48707836171217
2024-01-11,44.456595923715504
2024-01-12,44.87293095521184
2024-01-15,44.22670554637597
2024-01-16,44.4445826330028
2024-01-17,41.43820820100794
2024-01-18,42.08086828536993
2024-01-19,40.37759504123781
2024-01-22,38.192430062046334
2024-01-23,35.80417761662052
2024-01-24,37.466105232663054
2024-01-25,36.47853305658532
2024-01-26,38.79641899768922
2024-01-29,37.937397394614614
2024-01-30,35.270156406343474
2024-01-31,33.584035004576826
2024-02-01,35.37466894718514
2024-02-02,35.125652357671754
2024-02-05,34.2916689887948
2024-02-06,34.513266739767936
2024-02-07,35.24136781327783
2024-02-08,36.89755041288295
2024-02-09,39.09802153527747
2024-02-12,38.512849858609485
2024-02-13,36.421398239957824
2024-02-14,35.776442298800475
2024-02-15,36.15303011781567
2024-02-16,34.67687551906777
2024-02-19,33.24181790171155
2024-02-20,33.727584667179485
2024-02-21,33.642319059880776
2024-02-22,33.67625045460854
2024-02-23,32.55311199288532
2024-02-26,32.20873687366023
2024-02-27,30.874187354343196
2024-02-28,32.10874474199008
2024-02-29,33.57410266242004
2024-03-01,30.864664376192874
2024-03-04,29.551664284881085
2024-03-05,27.490993755439884
2024-03-06,26.623089238821112
2024-03-07,26.506177467091874
2024-03-08,24.617245433547307
2024-03-11,23.457897333142142
2024-03-12,22.22674297119773
2024-03-13,22.468024036732693
2024-03-14,22.545714104626164
2024-03-15,21.677001835298316
2024-03-18,21.879936446747376
2024-03-19,21.230928481558717
2024-03-20,20.91137665693513
2024-03-21,22.835733074840498
2024-03-22,24.44437429994172
2024-03-25,22.818650915867725
2024-03-26,23.811957022154314
2024-03-27,24.803435124102826
2024-03-28,23.35547104439305
2024-03-29,24.346690427374444
2024-04-01,26.252193352722873
2024-04-02,24.79479703442401
2024-04-03,23.636625977571473
2024-04-04,24.877247461680458
2024-04-05,25.211413179218994
2024-04-08,25.901828923824983
2024-04-09,26.330743375597702
2024-04-10,26.827705772841014
2024-04-11,25.08790289258156
2024-04-12,26.402504270010034
2024-04-15,27.908562271816066
2024-04-16,27.593756518890427
2024-04-17,27.52700792413341
2024-04-18,25.493699173928675
2024-04-19,26.140430664065228
2024-04-22,26.86936274977942
2024-04-23,26.77950634438905
2024-04-24,28.2370519660899
2024-04-25,27.780022122730063
2024-04-26,28.520517806743218
2024-04-29,27.138449639984636
2024-04-30,27.098693635189967
2024-05-01,26.861184994621574
2024-05-02,27.146803011384353
2024-05-03,26.652818492241554
2024-05-06,26.473336145327618
2024-05-07,27.535973261760184
2024-05-08,26.949311053905163
2024-05-09,24.839093384732124
2024-05-10,27.02924168029106
2024-05-13,28.83021547569593
2024-05-14,27.071658229822475
2024-05-15,27.967108235525114
2024-05-16,27.28737151719947
2024-05-17,27.625230080825418
2024-05-20,28.005668312810577
2024-05-21,27.683564636835023
2024-05-22,26.635192885481246
2024-05-23,25.728750582112003
2024-05-24,24.550033046727034
2024-05-27,23.50472393952189
2024-05-28,23.416701246747643
2024-05-29,22.538064697036678
2024-05-30,23.348773177416273
2024-05-31,25.153758009316572
2024-06-03,24.413450852433996
2024-06-04,24.70483551448464
2024-06-05,25.323743563817345
2024-06-06,25.91484873934922
2024-06-07,26.004409645201726
2024-06-10,26.950772800508116
2024-06-11,27.57291793790122
2024-06-12,25.926150199082485
2024-06-13,27.033404875854927
2024-06-14,28.187103050754438
2024-06-17,27.15632128940958
2024-06-18,27.197282938361006
2024-06-19,28.08634656462828
2024-06-20,27.79723914243436
2024-06-21,29.213324288368568
2024-06-24,32.422232470531206
2024-06-25,31.281492651505577
2024-06-26,29.32305831000821
2024-06-27,29.7270361583808
2024-06-28,30.707451678609182
2024-07-01,30.373418248730143
2024-07-02,32.380145124063354
2024-07-03,30.447805431437114
2024-07-04,31.399768446456257
2024-07-05,30.532094080020038
2024-07-08,32.91447915971385
2024-07-09,35.781468823516796
2024-07-10,34.61021676244276
2024-07-11,33.78078986453301
2024-07-12,35.02555979036892
2024-07-15,34.43314915647323
2024-07-16,34.35137504955048
2024-07-17,34.37430495762692
2024-07-18,31.52373687407068
2024-07-19,31.49183954784529
2024-07-22,30.50424842027232
2024-07-23,29.806467153227413
2024-07-24,31.781474107920054
2024-07-25,29.984058475271496
2024-07-26,31.09499156651295
2024-07-29,30.691042668941193
2024-07-30,30.28885578926585
2024-07-31,31.373571175459404
2024-08-01,31.841309027159053
2024-08-02,32.640065256711246
2024-08-05,34.02063628629737
2024-08-06,33.519407748721235
2024-08-07,32.61234755337652
2024-08-08,31.037667649026364
2024-08-09,29.867024299349925
2024-08-12,33.917125206091285
2024-08-13,35.72943523785037
2024-08-14,33.67883488339911
2024-08-15,31.730965909116154
2024-08-16,32.402436295879156
2024-08-19,33.1743758510466
2024-08-20,33.95734766880557
2024-08-21,33.56873404009937
2024-08-22,33.37163819968182
2024-08-23,33.83511969480777
2024-08-26,33.94685777999848
2024-08-27,30.67443031080832
2024-08-28,30.342085163319577
2024-08-29,29.148969564405668
2024-08-30,29.37689406869553
2024-09-02,33.4433147064633
2024-09-03,33.96495919032109
2024-09-04,33.490281544101954
2024-09-05,34.82057759005679
2024-09-06,35.52334254176701
2024-09-09,36.13875231598706
2024-09-10,37.042007411741764
2024-09-11,40.17918542190782
2024-09-12,38.35373649369282
2024-09-13,39.07509792806413
2024-09-16,37.597635974093826
2024-09-17,38.43878477159779
2024-09-18,36.985777997593125
2024-09-19,36.329542413143194
2024-09-20,35.86523654611757
2024-09-23,37.32200277111971
2024-09-24,38.71891907102774
2024-09-25,36.74771453752687
2024-09-26,36.815158728748436
2024-09-27,35.713777162259994
2024-09-30,33.803029579055874
2024-10-01,33.470970278270826
2024-10-02,33.00740243826166
2024-10-03,36.50695534667697
2024-10-04,37.149846485814756
2024-10-07,35.01729854656565
2024-10-08,34.160082045457614
2024-10-09,35.64987738632134
2024-10-10,38.77631943064645
2024-10-11,36.26972017331609
2024-10-14,33.400827320647224
2024-10-15,36.11162520007104
2024-10-16,36.685617374998856
2024-10-17,35.34402348335423
2024-10-18,36.1295563369858
2024-10-21,32.12154055725418
2024-10-22,32.11356623682861
2024-10-23,32.56888022300693
2024-10-24,33.88483765962833
2024-10-25,32.38348978480941
2024-10-28,32.49335459418876
2024-10-29,31.15104101616108
2024-10-30,31.498177463621445
2024-10-31,30.21970304160447
2024-11-01,29.643126258673902
2024-11-04,28.266141547193456
2024-11-05,29.12870446901089
2024-11-06,30.28572837307029
2024-11-07,29.949044983156327
2024-11-08,29.990702922383765
2024-11-11,27.98066291008281
2024-11-12,27.571723580473716
2024-11-13,27.496114095572565
2024-11-14,30.949795839891376
2024-11-15,29.379166359104836
2024-11-18,31.368286005646567
2024-11-19,32.762909656662025
2024-11-20,33.15436331212055
2024-11-21,35.69228764205233
2024-11-22,36.23681997344808
2024-11-25,36.81104442646381
2024-11-26,36.71331722236385
2024-11-27,38.564977382606415
2024-11-28,40.26281355053096
2024-11-29,39.243183867054626
2024-12-02,37.14231837413802
2024-12-03,36.81383011872127
2024-12-04,35.574171274263676
2024-12-05,35.46316578689032
2024-12-06,37.3045480758578
2024-12-09,36.58384922801005
2024-12-10,36.50224708325457
2024-12-11,36.57430738783197
2024-12-12,37.85087651497409
2024-12-13,34.35032683106004
2024-12-16,33.43978091711792
2024-12-17,33.733802759726444
2024-12-18,35.476042429437356
2024-12-19,34.72233043957034
2024-12-20,31.921190401162914
2024-12-23,32.790798666490446
2024-12-24,31.860709332403946
2024-12-25,30.156073262442938
2024-12-26,29.28092127391616
2024-12-27,29.018782303662157
2024-12-30,28.187585655090707
2024-12-31,25.227323893927007
